comment_id,ticket_id,author_id,author_type,comment_text,created_at
1,1,146,user,Прошу прояснить следующий вопрос по заявке. Какие дополнительные данные требуются для решения проблемы?,2025-10-28 08:26:17.60549
2,2,30,user,Прошу прояснить следующий вопрос по заявке. Какие дополнительные данные требуются для решения проблемы?,2025-11-02 04:26:17.60549
3,3,34,user,"Добрый день! Проблема все еще актуальна, не могли бы вы уточнить сроки решения?",2025-11-15 05:26:17.60549
4,4,94,user,Прошу прояснить следующий вопрос по заявке. Какие дополнительные данные требуются для решения проблемы?,2025-11-01 04:26:17.60549
5,5,192,user,Прошу прояснить следующий вопрос по заявке. Какие дополнительные данные требуются для решения проблемы?,2025-10-25 05:26:17.60549
6,6,132,user,Спасибо за оперативный ответ. Дополнительная информация: ошибка возникает при выполнении определенных действий.,2025-11-03 04:26:17.60549
7,7,184,user,Спасибо за оперативный ответ. Дополнительная информация: ошибка возникает при выполнении определенных действий.,2025-11-10 05:26:17.60549
8,8,95,user,"Добрый день! Проблема все еще актуальна, не могли бы вы уточнить сроки решения?",2025-10-29 05:26:17.60549
9,9,188,user,Спасибо за оперативный ответ. Дополнительная информация: ошибка возникает при выполнении определенных действий.,2025-10-19 04:26:17.60549
10,10,116,user,Спасибо за оперативный ответ. Дополнительная информация: ошибка возникает при выполнении определенных действий.,2025-11-03 05:26:17.60549
11,11,118,user,Прошу прояснить следующий вопрос по заявке. Какие дополнительные данные требуются для решения проблемы?,2025-10-25 07:26:17.60549
12,12,83,user,Прошу прояснить следующий вопрос по заявке. Какие дополнительные данные требуются для решения проблемы?,2025-11-02 03:26:17.60549
13,13,197,user,Прошу прояснить следующий вопрос по заявке. Какие дополнительные данные требуются для решения проблемы?,2025-10-24 06:26:17.60549
14,14,25,user,Прошу прояснить следующий вопрос по заявке. Какие дополнительные данные требуются для решения проблемы?,2025-11-05 06:26:17.60549
15,15,157,user,Прошу прояснить следующий вопрос по заявке. Какие дополнительные данные требуются для решения проблемы?,2025-11-08 05:26:17.60549
16,16,122,user,Спасибо за оперативный ответ. Дополнительная информация: ошибка возникает при выполнении определенных действий.,2025-11-05 08:26:17.60549
17,17,147,user,Спасибо за оперативный ответ. Дополнительная информация: ошибка возникает при выполнении определенных действий.,2025-11-14 08:26:17.60549
18,18,156,user,Спасибо за оперативный ответ. Дополнительная информация: ошибка возникает при выполнении определенных действий.,2025-10-22 05:26:17.60549
19,20,47,user,Спасибо за оперативный ответ. Дополнительная информация: ошибка возникает при выполнении определенных действий.,2025-10-16 05:26:17.60549
20,21,51,user,Прошу прояснить следующий вопрос по заявке. Какие дополнительные данные требуются для решения проблемы?,2025-11-03 07:26:17.60549
21,22,132,user,Спасибо за оперативный ответ. Дополнительная информация: ошибка возникает при выполнении определенных действий.,2025-10-21 06:26:17.60549
22,23,154,user,"Добрый день! Проблема все еще актуальна, не могли бы вы уточнить сроки решения?",2025-11-10 06:26:17.60549
23,25,198,user,Спасибо за оперативный ответ. Дополнительная информация: ошибка возникает при выполнении определенных действий.,2025-11-11 06:26:17.60549
24,26,193,user,Прошу прояснить следующий вопрос по заявке. Какие дополнительные данные требуются для решения проблемы?,2025-10-18 05:26:17.60549
25,27,114,user,"Добрый день! Проблема все еще актуальна, не могли бы вы уточнить сроки решения?",2025-11-14 04:26:17.60549
26,28,88,user,"Добрый день! Проблема все еще актуальна, не могли бы вы уточнить сроки решения?",2025-10-19 04:26:17.60549
27,29,122,user,"Подтверждаю, что проблема решена. Благодарю за помощь!",2025-10-28 07:26:17.60549
28,30,167,user,Прошу прояснить следующий вопрос по заявке. Какие дополнительные данные требуются для решения проблемы?,2025-10-26 05:26:17.60549
29,31,56,user,"Добрый день! Проблема все еще актуальна, не могли бы вы уточнить сроки решения?",2025-10-27 07:26:17.60549
30,32,51,user,Прошу прояснить следующий вопрос по заявке. Какие дополнительные данные требуются для решения проблемы?,2025-10-29 03:26:17.60549
31,33,154,user,Спасибо за оперативный ответ. Дополнительная информация: ошибка возникает при выполнении определенных действий.,2025-11-09 06:26:17.60549
32,34,154,user,Прошу прояснить следующий вопрос по заявке. Какие дополнительные данные требуются для решения проблемы?,2025-10-18 08:26:17.60549
33,35,145,user,Прошу прояснить следующий вопрос по заявке. Какие дополнительные данные требуются для решения проблемы?,2025-11-08 08:26:17.60549
34,36,169,user,Прошу прояснить следующий вопрос по заявке. Какие дополнительные данные требуются для решения проблемы?,2025-10-27 04:26:17.60549
35,37,126,user,"Добрый день! Проблема все еще актуальна, не могли бы вы уточнить сроки решения?",2025-10-22 04:26:17.60549
36,38,83,user,Прошу прояснить следующий вопрос по заявке. Какие дополнительные данные требуются для решения проблемы?,2025-10-17 07:26:17.60549
37,39,114,user,Спасибо за оперативный ответ. Дополнительная информация: ошибка возникает при выполнении определенных действий.,2025-11-03 03:26:17.60549
38,40,3,user,Прошу прояснить следующий вопрос по заявке. Какие дополнительные данные требуются для решения проблемы?,2025-10-24 04:26:17.60549
39,41,24,user,"Подтверждаю, что проблема решена. Благодарю за помощь!",2025-10-27 04:26:17.60549
40,42,48,user,"Подтверждаю, что проблема решена. Благодарю за помощь!",2025-10-23 07:26:17.60549
41,43,90,user,"Добрый день! Проблема все еще актуальна, не могли бы вы уточнить сроки решения?",2025-11-08 07:26:17.60549
42,44,107,user,Спасибо за оперативный ответ. Дополнительная информация: ошибка возникает при выполнении определенных действий.,2025-11-09 08:26:17.60549
43,46,96,user,"Добрый день! Проблема все еще актуальна, не могли бы вы уточнить сроки решения?",2025-11-04 04:26:17.60549
44,47,1,user,Прошу прояснить следующий вопрос по заявке. Какие дополнительные данные требуются для решения проблемы?,2025-11-11 07:26:17.60549
45,48,13,user,"Подтверждаю, что проблема решена. Благодарю за помощь!",2025-10-25 04:26:17.60549
46,49,193,user,"Подтверждаю, что проблема решена. Благодарю за помощь!",2025-11-02 07:26:17.60549
47,50,187,user,Прошу прояснить следующий вопрос по заявке. Какие дополнительные данные требуются для решения проблемы?,2025-11-14 07:26:17.60549
48,51,147,user,"Подтверждаю, что проблема решена. Благодарю за помощь!",2025-10-27 04:26:17.60549
49,52,193,user,Спасибо за оперативный ответ. Дополнительная информация: ошибка возникает при выполнении определенных действий.,2025-11-10 04:26:17.60549
50,53,87,user,Спасибо за оперативный ответ. Дополнительная информация: ошибка возникает при выполнении определенных действий.,2025-11-08 03:26:17.60549
51,54,156,user,Прошу прояснить следующий вопрос по заявке. Какие дополнительные данные требуются для решения проблемы?,2025-10-25 05:26:17.60549
52,55,40,user,Спасибо за оперативный ответ. Дополнительная информация: ошибка возникает при выполнении определенных действий.,2025-10-25 07:26:17.60549
53,56,155,user,"Подтверждаю, что проблема решена. Благодарю за помощь!",2025-11-02 06:26:17.60549
54,57,159,user,"Добрый день! Проблема все еще актуальна, не могли бы вы уточнить сроки решения?",2025-10-28 04:26:17.60549
55,60,188,user,"Подтверждаю, что проблема решена. Благодарю за помощь!",2025-11-03 04:26:17.60549
56,62,22,user,Спасибо за оперативный ответ. Дополнительная информация: ошибка возникает при выполнении определенных действий.,2025-11-07 07:26:17.60549
57,63,30,user,Прошу прояснить следующий вопрос по заявке. Какие дополнительные данные требуются для решения проблемы?,2025-11-09 04:26:17.60549
58,64,31,user,"Подтверждаю, что проблема решена. Благодарю за помощь!",2025-11-07 03:26:17.60549
59,65,168,user,Прошу прояснить следующий вопрос по заявке. Какие дополнительные данные требуются для решения проблемы?,2025-10-20 08:26:17.60549
60,66,57,user,Прошу прояснить следующий вопрос по заявке. Какие дополнительные данные требуются для решения проблемы?,2025-11-04 08:26:17.60549
61,67,67,user,Прошу прояснить следующий вопрос по заявке. Какие дополнительные данные требуются для решения проблемы?,2025-11-05 03:26:17.60549
62,68,41,user,Спасибо за оперативный ответ. Дополнительная информация: ошибка возникает при выполнении определенных действий.,2025-10-23 08:26:17.60549
63,69,140,user,Прошу прояснить следующий вопрос по заявке. Какие дополнительные данные требуются для решения проблемы?,2025-10-26 03:26:17.60549
64,70,96,user,Прошу прояснить следующий вопрос по заявке. Какие дополнительные данные требуются для решения проблемы?,2025-10-29 07:26:17.60549
65,71,193,user,Прошу прояснить следующий вопрос по заявке. Какие дополнительные данные требуются для решения проблемы?,2025-10-22 08:26:17.60549
66,72,133,user,"Подтверждаю, что проблема решена. Благодарю за помощь!",2025-10-28 05:26:17.60549
67,74,197,user,Спасибо за оперативный ответ. Дополнительная информация: ошибка возникает при выполнении определенных действий.,2025-11-09 07:26:17.60549
68,76,35,user,Спасибо за оперативный ответ. Дополнительная информация: ошибка возникает при выполнении определенных действий.,2025-10-31 05:26:17.60549
69,77,7,user,Прошу прояснить следующий вопрос по заявке. Какие дополнительные данные требуются для решения проблемы?,2025-10-24 04:26:17.60549
70,78,104,user,Прошу прояснить следующий вопрос по заявке. Какие дополнительные данные требуются для решения проблемы?,2025-11-05 07:26:17.60549
71,79,32,user,Спасибо за оперативный ответ. Дополнительная информация: ошибка возникает при выполнении определенных действий.,2025-10-22 05:26:17.60549
72,80,192,user,Прошу прояснить следующий вопрос по заявке. Какие дополнительные данные требуются для решения проблемы?,2025-11-04 05:26:17.60549
73,81,129,user,"Добрый день! Проблема все еще актуальна, не могли бы вы уточнить сроки решения?",2025-10-21 03:26:17.60549
74,82,121,user,"Подтверждаю, что проблема решена. Благодарю за помощь!",2025-11-10 05:26:17.60549
75,83,7,user,"Добрый день! Проблема все еще актуальна, не могли бы вы уточнить сроки решения?",2025-11-01 06:26:17.60549
76,84,66,user,"Подтверждаю, что проблема решена. Благодарю за помощь!",2025-10-24 05:26:17.60549
77,85,160,user,Прошу прояснить следующий вопрос по заявке. Какие дополнительные данные требуются для решения проблемы?,2025-10-29 06:26:17.60549
78,86,51,user,"Подтверждаю, что проблема решена. Благодарю за помощь!",2025-11-09 05:26:17.60549
79,88,118,user,Спасибо за оперативный ответ. Дополнительная информация: ошибка возникает при выполнении определенных действий.,2025-10-30 07:26:17.60549
80,89,84,user,Прошу прояснить следующий вопрос по заявке. Какие дополнительные данные требуются для решения проблемы?,2025-10-27 06:26:17.60549
81,90,17,user,Прошу прояснить следующий вопрос по заявке. Какие дополнительные данные требуются для решения проблемы?,2025-11-07 04:26:17.60549
82,91,71,user,Прошу прояснить следующий вопрос по заявке. Какие дополнительные данные требуются для решения проблемы?,2025-10-31 03:26:17.60549
83,92,95,user,Спасибо за оперативный ответ. Дополнительная информация: ошибка возникает при выполнении определенных действий.,2025-11-04 04:26:17.60549
84,93,90,user,Спасибо за оперативный ответ. Дополнительная информация: ошибка возникает при выполнении определенных действий.,2025-11-05 08:26:17.60549
85,94,37,user,Спасибо за оперативный ответ. Дополнительная информация: ошибка возникает при выполнении определенных действий.,2025-11-02 07:26:17.60549
86,96,146,user,Прошу прояснить следующий вопрос по заявке. Какие дополнительные данные требуются для решения проблемы?,2025-10-18 04:26:17.60549
87,97,78,user,"Подтверждаю, что проблема решена. Благодарю за помощь!",2025-10-23 06:26:17.60549
88,98,107,user,Прошу прояснить следующий вопрос по заявке. Какие дополнительные данные требуются для решения проблемы?,2025-11-11 03:26:17.60549
89,99,154,user,Спасибо за оперативный ответ. Дополнительная информация: ошибка возникает при выполнении определенных действий.,2025-11-09 04:26:17.60549
90,100,154,user,Прошу прояснить следующий вопрос по заявке. Какие дополнительные данные требуются для решения проблемы?,2025-11-15 04:26:17.60549
91,103,66,user,"Подтверждаю, что проблема решена. Благодарю за помощь!",2025-11-04 05:26:17.60549
92,104,65,user,"Подтверждаю, что проблема решена. Благодарю за помощь!",2025-10-27 04:26:17.60549
93,105,116,user,Прошу прояснить следующий вопрос по заявке. Какие дополнительные данные требуются для решения проблемы?,2025-11-05 06:26:17.60549
94,106,193,user,Прошу прояснить следующий вопрос по заявке. Какие дополнительные данные требуются для решения проблемы?,2025-11-11 08:26:17.60549
95,107,167,user,Спасибо за оперативный ответ. Дополнительная информация: ошибка возникает при выполнении определенных действий.,2025-11-10 04:26:17.60549
96,108,122,user,Спасибо за оперативный ответ. Дополнительная информация: ошибка возникает при выполнении определенных действий.,2025-10-22 05:26:17.60549
97,109,187,user,Спасибо за оперативный ответ. Дополнительная информация: ошибка возникает при выполнении определенных действий.,2025-11-02 07:26:17.60549
98,110,83,user,Прошу прояснить следующий вопрос по заявке. Какие дополнительные данные требуются для решения проблемы?,2025-10-31 04:26:17.60549
99,111,168,user,Спасибо за оперативный ответ. Дополнительная информация: ошибка возникает при выполнении определенных действий.,2025-10-29 06:26:17.60549
100,112,79,user,"Подтверждаю, что проблема решена. Благодарю за помощь!",2025-11-10 04:26:17.60549
101,113,72,user,Прошу прояснить следующий вопрос по заявке. Какие дополнительные данные требуются для решения проблемы?,2025-11-11 05:26:17.60549
102,114,175,user,Прошу прояснить следующий вопрос по заявке. Какие дополнительные данные требуются для решения проблемы?,2025-11-12 06:26:17.60549
103,115,150,user,Прошу прояснить следующий вопрос по заявке. Какие дополнительные данные требуются для решения проблемы?,2025-10-22 06:26:17.60549
104,117,86,user,Спасибо за оперативный ответ. Дополнительная информация: ошибка возникает при выполнении определенных действий.,2025-11-06 06:26:17.60549
105,119,19,user,Спасибо за оперативный ответ. Дополнительная информация: ошибка возникает при выполнении определенных действий.,2025-11-12 06:26:17.60549
106,120,5,user,Спасибо за оперативный ответ. Дополнительная информация: ошибка возникает при выполнении определенных действий.,2025-10-19 03:26:17.60549
107,121,144,user,"Добрый день! Проблема все еще актуальна, не могли бы вы уточнить сроки решения?",2025-11-04 06:26:17.60549
108,122,136,user,Спасибо за оперативный ответ. Дополнительная информация: ошибка возникает при выполнении определенных действий.,2025-11-10 03:26:17.60549
109,123,88,user,Спасибо за оперативный ответ. Дополнительная информация: ошибка возникает при выполнении определенных действий.,2025-11-13 08:26:17.60549
110,124,69,user,Спасибо за оперативный ответ. Дополнительная информация: ошибка возникает при выполнении определенных действий.,2025-10-22 03:26:17.60549
111,125,131,user,"Добрый день! Проблема все еще актуальна, не могли бы вы уточнить сроки решения?",2025-11-06 07:26:17.60549
112,126,29,user,"Добрый день! Проблема все еще актуальна, не могли бы вы уточнить сроки решения?",2025-11-08 05:26:17.60549
113,127,126,user,"Добрый день! Проблема все еще актуальна, не могли бы вы уточнить сроки решения?",2025-10-28 08:26:17.60549
114,128,58,user,Прошу прояснить следующий вопрос по заявке. Какие дополнительные данные требуются для решения проблемы?,2025-10-29 08:26:17.60549
115,130,141,user,Спасибо за оперативный ответ. Дополнительная информация: ошибка возникает при выполнении определенных действий.,2025-10-25 05:26:17.60549
116,131,147,user,Прошу прояснить следующий вопрос по заявке. Какие дополнительные данные требуются для решения проблемы?,2025-11-14 06:26:17.60549
117,132,88,user,"Подтверждаю, что проблема решена. Благодарю за помощь!",2025-11-14 08:26:17.60549
118,133,161,user,Спасибо за оперативный ответ. Дополнительная информация: ошибка возникает при выполнении определенных действий.,2025-11-01 03:26:17.60549
119,134,43,user,"Подтверждаю, что проблема решена. Благодарю за помощь!",2025-11-14 06:26:17.60549
120,135,40,user,Спасибо за оперативный ответ. Дополнительная информация: ошибка возникает при выполнении определенных действий.,2025-10-29 06:26:17.60549
121,136,142,user,Прошу прояснить следующий вопрос по заявке. Какие дополнительные данные требуются для решения проблемы?,2025-10-19 05:26:17.60549
122,137,148,user,Спасибо за оперативный ответ. Дополнительная информация: ошибка возникает при выполнении определенных действий.,2025-11-09 05:26:17.60549
123,138,90,user,"Подтверждаю, что проблема решена. Благодарю за помощь!",2025-10-24 07:26:17.60549
124,139,82,user,Прошу прояснить следующий вопрос по заявке. Какие дополнительные данные требуются для решения проблемы?,2025-11-14 04:26:17.60549
125,140,123,user,Прошу прояснить следующий вопрос по заявке. Какие дополнительные данные требуются для решения проблемы?,2025-10-31 07:26:17.60549
126,141,116,user,Спасибо за оперативный ответ. Дополнительная информация: ошибка возникает при выполнении определенных действий.,2025-11-05 03:26:17.60549
127,142,70,user,Прошу прояснить следующий вопрос по заявке. Какие дополнительные данные требуются для решения проблемы?,2025-11-01 07:26:17.60549
128,144,26,user,"Добрый день! Проблема все еще актуальна, не могли бы вы уточнить сроки решения?",2025-10-23 08:26:17.60549
129,145,57,user,Прошу прояснить следующий вопрос по заявке. Какие дополнительные данные требуются для решения проблемы?,2025-10-31 04:26:17.60549
130,146,8,user,Спасибо за оперативный ответ. Дополнительная информация: ошибка возникает при выполнении определенных действий.,2025-10-23 04:26:17.60549
131,147,199,user,"Подтверждаю, что проблема решена. Благодарю за помощь!",2025-11-01 07:26:17.60549
132,148,172,user,"Подтверждаю, что проблема решена. Благодарю за помощь!",2025-10-22 05:26:17.60549
133,150,59,user,"Подтверждаю, что проблема решена. Благодарю за помощь!",2025-11-04 07:26:17.60549
134,151,162,user,Спасибо за оперативный ответ. Дополнительная информация: ошибка возникает при выполнении определенных действий.,2025-11-07 05:26:17.60549
135,153,44,user,Прошу прояснить следующий вопрос по заявке. Какие дополнительные данные требуются для решения проблемы?,2025-11-07 07:26:17.60549
136,154,182,user,Прошу прояснить следующий вопрос по заявке. Какие дополнительные данные требуются для решения проблемы?,2025-10-17 07:26:17.60549
137,155,33,user,Прошу прояснить следующий вопрос по заявке. Какие дополнительные данные требуются для решения проблемы?,2025-10-18 03:26:17.60549
138,156,132,user,Прошу прояснить следующий вопрос по заявке. Какие дополнительные данные требуются для решения проблемы?,2025-10-21 08:26:17.60549
139,157,64,user,"Добрый день! Проблема все еще актуальна, не могли бы вы уточнить сроки решения?",2025-10-21 06:26:17.60549
140,159,110,user,Прошу прояснить следующий вопрос по заявке. Какие дополнительные данные требуются для решения проблемы?,2025-10-24 06:26:17.60549
141,160,139,user,"Подтверждаю, что проблема решена. Благодарю за помощь!",2025-11-12 06:26:17.60549
142,162,11,user,Прошу прояснить следующий вопрос по заявке. Какие дополнительные данные требуются для решения проблемы?,2025-10-26 04:26:17.60549
143,163,12,user,"Подтверждаю, что проблема решена. Благодарю за помощь!",2025-10-27 03:26:17.60549
144,164,68,user,Спасибо за оперативный ответ. Дополнительная информация: ошибка возникает при выполнении определенных действий.,2025-10-24 07:26:17.60549
145,165,182,user,Прошу прояснить следующий вопрос по заявке. Какие дополнительные данные требуются для решения проблемы?,2025-10-25 04:26:17.60549
146,166,112,user,Спасибо за оперативный ответ. Дополнительная информация: ошибка возникает при выполнении определенных действий.,2025-11-15 05:26:17.60549
147,167,151,user,Спасибо за оперативный ответ. Дополнительная информация: ошибка возникает при выполнении определенных действий.,2025-11-09 07:26:17.60549
148,168,62,user,Прошу прояснить следующий вопрос по заявке. Какие дополнительные данные требуются для решения проблемы?,2025-11-06 08:26:17.60549
149,169,31,user,Прошу прояснить следующий вопрос по заявке. Какие дополнительные данные требуются для решения проблемы?,2025-11-10 05:26:17.60549
150,170,38,user,"Подтверждаю, что проблема решена. Благодарю за помощь!",2025-11-11 06:26:17.60549
151,171,193,user,Спасибо за оперативный ответ. Дополнительная информация: ошибка возникает при выполнении определенных действий.,2025-10-19 04:26:17.60549
152,172,153,user,Прошу прояснить следующий вопрос по заявке. Какие дополнительные данные требуются для решения проблемы?,2025-11-04 04:26:17.60549
153,173,131,user,"Подтверждаю, что проблема решена. Благодарю за помощь!",2025-10-24 04:26:17.60549
154,174,195,user,"Подтверждаю, что проблема решена. Благодарю за помощь!",2025-11-03 05:26:17.60549
155,175,9,user,Спасибо за оперативный ответ. Дополнительная информация: ошибка возникает при выполнении определенных действий.,2025-11-11 07:26:17.60549
156,176,87,user,"Добрый день! Проблема все еще актуальна, не могли бы вы уточнить сроки решения?",2025-11-09 03:26:17.60549
157,177,146,user,Прошу прояснить следующий вопрос по заявке. Какие дополнительные данные требуются для решения проблемы?,2025-10-27 06:26:17.60549
158,178,121,user,Спасибо за оперативный ответ. Дополнительная информация: ошибка возникает при выполнении определенных действий.,2025-11-02 04:26:17.60549
159,179,3,user,Прошу прояснить следующий вопрос по заявке. Какие дополнительные данные требуются для решения проблемы?,2025-10-23 03:26:17.60549
160,180,64,user,Спасибо за оперативный ответ. Дополнительная информация: ошибка возникает при выполнении определенных действий.,2025-10-17 05:26:17.60549
161,181,81,user,Прошу прояснить следующий вопрос по заявке. Какие дополнительные данные требуются для решения проблемы?,2025-10-28 06:26:17.60549
162,182,53,user,Прошу прояснить следующий вопрос по заявке. Какие дополнительные данные требуются для решения проблемы?,2025-10-17 07:26:17.60549
163,183,198,user,Спасибо за оперативный ответ. Дополнительная информация: ошибка возникает при выполнении определенных действий.,2025-11-07 06:26:17.60549
164,184,168,user,"Подтверждаю, что проблема решена. Благодарю за помощь!",2025-11-09 05:26:17.60549
165,185,173,user,Прошу прояснить следующий вопрос по заявке. Какие дополнительные данные требуются для решения проблемы?,2025-10-27 04:26:17.60549
166,187,30,user,Спасибо за оперативный ответ. Дополнительная информация: ошибка возникает при выполнении определенных действий.,2025-11-10 07:26:17.60549
167,188,50,user,"Подтверждаю, что проблема решена. Благодарю за помощь!",2025-11-09 07:26:17.60549
168,189,179,user,Спасибо за оперативный ответ. Дополнительная информация: ошибка возникает при выполнении определенных действий.,2025-11-11 07:26:17.60549
169,190,98,user,"Добрый день! Проблема все еще актуальна, не могли бы вы уточнить сроки решения?",2025-10-22 06:26:17.60549
170,191,171,user,Прошу прояснить следующий вопрос по заявке. Какие дополнительные данные требуются для решения проблемы?,2025-10-19 07:26:17.60549
171,193,175,user,Прошу прояснить следующий вопрос по заявке. Какие дополнительные данные требуются для решения проблемы?,2025-11-10 05:26:17.60549
172,194,64,user,Прошу прояснить следующий вопрос по заявке. Какие дополнительные данные требуются для решения проблемы?,2025-10-20 06:26:17.60549
173,195,165,user,Спасибо за оперативный ответ. Дополнительная информация: ошибка возникает при выполнении определенных действий.,2025-10-18 06:26:17.60549
174,196,144,user,Прошу прояснить следующий вопрос по заявке. Какие дополнительные данные требуются для решения проблемы?,2025-10-19 07:26:17.60549
175,197,116,user,Прошу прояснить следующий вопрос по заявке. Какие дополнительные данные требуются для решения проблемы?,2025-11-15 04:26:17.60549
176,198,131,user,Прошу прояснить следующий вопрос по заявке. Какие дополнительные данные требуются для решения проблемы?,2025-10-24 08:26:17.60549
177,199,7,user,"Добрый день! Проблема все еще актуальна, не могли бы вы уточнить сроки решения?",2025-11-07 05:26:17.60549
178,200,178,user,"Подтверждаю, что проблема решена. Благодарю за помощь!",2025-10-30 07:26:17.60549
179,4,7,staff,Для решения проблемы требуются дополнительные данные. Прошу предоставить скриншот ошибки.,2025-11-09 03:26:17.60549
180,9,6,staff,Принял заявку в работу. Провожу диагностику проблемы.,2025-10-22 03:26:17.60549
181,11,16,staff,Принял заявку в работу. Провожу диагностику проблемы.,2025-10-30 03:26:17.60549
182,12,13,staff,Принял заявку в работу. Провожу диагностику проблемы.,2025-11-17 03:26:17.60549
183,14,8,staff,Передал заявку в смежный отдел для дальнейшего рассмотрения.,2025-11-13 03:26:17.60549
184,15,5,staff,Решение применено. Прошу проверить работоспособность и подтвердить решение заявки.,2025-11-12 03:26:17.60549
185,17,8,staff,Проблема идентифицирована. Выполняю работы по восстановлению.,2025-11-22 03:26:17.60549
186,19,5,staff,Решение применено. Прошу проверить работоспособность и подтвердить решение заявки.,2025-11-18 03:26:17.60549
187,20,3,staff,Принял заявку в работу. Провожу диагностику проблемы.,2025-10-24 03:26:17.60549
188,21,6,staff,Передал заявку в смежный отдел для дальнейшего рассмотрения.,2025-11-15 03:26:17.60549
189,23,12,staff,Для решения проблемы требуются дополнительные данные. Прошу предоставить скриншот ошибки.,2025-11-16 03:26:17.60549
190,24,5,staff,Решение применено. Прошу проверить работоспособность и подтвердить решение заявки.,2025-11-01 03:26:17.60549
191,25,9,staff,Передал заявку в смежный отдел для дальнейшего рассмотрения.,2025-11-15 03:26:17.60549
192,26,14,staff,Для решения проблемы требуются дополнительные данные. Прошу предоставить скриншот ошибки.,2025-10-28 03:26:17.60549
193,28,1,staff,Для решения проблемы требуются дополнительные данные. Прошу предоставить скриншот ошибки.,2025-10-30 03:26:17.60549
194,31,15,staff,Проблема идентифицирована. Выполняю работы по восстановлению.,2025-11-09 03:26:17.60549
195,32,8,staff,Решение применено. Прошу проверить работоспособность и подтвердить решение заявки.,2025-10-30 03:26:17.60549
196,33,19,staff,Решение применено. Прошу проверить работоспособность и подтвердить решение заявки.,2025-11-19 03:26:17.60549
197,34,10,staff,Решение применено. Прошу проверить работоспособность и подтвердить решение заявки.,2025-10-22 03:26:17.60549
198,35,18,staff,Проблема идентифицирована. Выполняю работы по восстановлению.,2025-11-11 03:26:17.60549
199,36,19,staff,Принял заявку в работу. Провожу диагностику проблемы.,2025-11-10 03:26:17.60549
200,39,3,staff,Для решения проблемы требуются дополнительные данные. Прошу предоставить скриншот ошибки.,2025-11-11 03:26:17.60549
201,40,15,staff,Проблема идентифицирована. Выполняю работы по восстановлению.,2025-10-26 03:26:17.60549
202,43,18,staff,Принял заявку в работу. Провожу диагностику проблемы.,2025-11-14 03:26:17.60549
203,44,6,staff,Проблема идентифицирована. Выполняю работы по восстановлению.,2025-11-18 03:26:17.60549
204,45,15,staff,Проблема идентифицирована. Выполняю работы по восстановлению.,2025-10-30 03:26:17.60549
205,48,10,staff,Проблема идентифицирована. Выполняю работы по восстановлению.,2025-10-27 03:26:17.60549
206,50,17,staff,Принял заявку в работу. Провожу диагностику проблемы.,2025-11-25 03:26:17.60549
207,51,19,staff,Для решения проблемы требуются дополнительные данные. Прошу предоставить скриншот ошибки.,2025-10-27 03:26:17.60549
208,52,17,staff,Решение применено. Прошу проверить работоспособность и подтвердить решение заявки.,2025-11-25 03:26:17.60549
209,53,1,staff,Для решения проблемы требуются дополнительные данные. Прошу предоставить скриншот ошибки.,2025-11-08 03:26:17.60549
210,54,11,staff,Для решения проблемы требуются дополнительные данные. Прошу предоставить скриншот ошибки.,2025-11-01 03:26:17.60549
211,56,15,staff,Проблема идентифицирована. Выполняю работы по восстановлению.,2025-11-05 03:26:17.60549
212,57,13,staff,Проблема идентифицирована. Выполняю работы по восстановлению.,2025-10-30 03:26:17.60549
213,58,17,staff,Проблема идентифицирована. Выполняю работы по восстановлению.,2025-10-31 03:26:17.60549
214,60,20,staff,Принял заявку в работу. Провожу диагностику проблемы.,2025-11-13 03:26:17.60549
215,64,13,staff,Проблема идентифицирована. Выполняю работы по восстановлению.,2025-11-10 03:26:17.60549
216,66,5,staff,Решение применено. Прошу проверить работоспособность и подтвердить решение заявки.,2025-11-05 03:26:17.60549
217,67,13,staff,Принял заявку в работу. Провожу диагностику проблемы.,2025-11-15 03:26:17.60549
218,68,8,staff,Принял заявку в работу. Провожу диагностику проблемы.,2025-10-25 03:26:17.60549
219,70,3,staff,Для решения проблемы требуются дополнительные данные. Прошу предоставить скриншот ошибки.,2025-10-31 03:26:17.60549
220,71,2,staff,Передал заявку в смежный отдел для дальнейшего рассмотрения.,2025-10-28 03:26:17.60549
221,72,2,staff,Для решения проблемы требуются дополнительные данные. Прошу предоставить скриншот ошибки.,2025-11-11 03:26:17.60549
222,74,11,staff,Решение применено. Прошу проверить работоспособность и подтвердить решение заявки.,2025-11-21 03:26:17.60549
223,75,7,staff,Решение применено. Прошу проверить работоспособность и подтвердить решение заявки.,2025-11-14 03:26:17.60549
224,76,4,staff,Принял заявку в работу. Провожу диагностику проблемы.,2025-11-12 03:26:17.60549
225,77,2,staff,Передал заявку в смежный отдел для дальнейшего рассмотрения.,2025-11-06 03:26:17.60549
226,78,1,staff,Передал заявку в смежный отдел для дальнейшего рассмотрения.,2025-11-07 03:26:17.60549
227,80,20,staff,Решение применено. Прошу проверить работоспособность и подтвердить решение заявки.,2025-11-07 03:26:17.60549
228,82,16,staff,Передал заявку в смежный отдел для дальнейшего рассмотрения.,2025-11-11 03:26:17.60549
229,85,11,staff,Для решения проблемы требуются дополнительные данные. Прошу предоставить скриншот ошибки.,2025-11-11 03:26:17.60549
230,86,1,staff,Решение применено. Прошу проверить работоспособность и подтвердить решение заявки.,2025-11-10 03:26:17.60549
231,87,10,staff,Принял заявку в работу. Провожу диагностику проблемы.,2025-11-04 03:26:17.60549
232,88,16,staff,Проблема идентифицирована. Выполняю работы по восстановлению.,2025-11-07 03:26:17.60549
233,91,2,staff,Решение применено. Прошу проверить работоспособность и подтвердить решение заявки.,2025-11-12 03:26:17.60549
234,93,5,staff,Проблема идентифицирована. Выполняю работы по восстановлению.,2025-11-13 03:26:17.60549
235,94,7,staff,Проблема идентифицирована. Выполняю работы по восстановлению.,2025-11-06 03:26:17.60549
236,95,15,staff,Решение применено. Прошу проверить работоспособность и подтвердить решение заявки.,2025-11-20 03:26:17.60549
237,96,2,staff,Решение применено. Прошу проверить работоспособность и подтвердить решение заявки.,2025-10-27 03:26:17.60549
238,97,11,staff,Передал заявку в смежный отдел для дальнейшего рассмотрения.,2025-10-26 03:26:17.60549
239,99,8,staff,Передал заявку в смежный отдел для дальнейшего рассмотрения.,2025-11-13 03:26:17.60549
240,102,13,staff,Передал заявку в смежный отдел для дальнейшего рассмотрения.,2025-11-15 03:26:17.60549
241,105,15,staff,Для решения проблемы требуются дополнительные данные. Прошу предоставить скриншот ошибки.,2025-11-15 03:26:17.60549
242,107,11,staff,Передал заявку в смежный отдел для дальнейшего рассмотрения.,2025-11-12 03:26:17.60549
243,108,17,staff,Решение применено. Прошу проверить работоспособность и подтвердить решение заявки.,2025-10-22 03:26:17.60549
244,110,18,staff,Решение применено. Прошу проверить работоспособность и подтвердить решение заявки.,2025-11-07 03:26:17.60549
245,112,5,staff,Решение применено. Прошу проверить работоспособность и подтвердить решение заявки.,2025-11-15 03:26:17.60549
246,113,16,staff,Решение применено. Прошу проверить работоспособность и подтвердить решение заявки.,2025-11-23 03:26:17.60549
247,114,9,staff,Проблема идентифицирована. Выполняю работы по восстановлению.,2025-11-20 03:26:17.60549
248,115,11,staff,Принял заявку в работу. Провожу диагностику проблемы.,2025-10-24 03:26:17.60549
249,116,20,staff,Принял заявку в работу. Провожу диагностику проблемы.,2025-11-25 03:26:17.60549
250,117,19,staff,Для решения проблемы требуются дополнительные данные. Прошу предоставить скриншот ошибки.,2025-11-19 03:26:17.60549
251,118,5,staff,Для решения проблемы требуются дополнительные данные. Прошу предоставить скриншот ошибки.,2025-11-02 03:26:17.60549
252,119,14,staff,Передал заявку в смежный отдел для дальнейшего рассмотрения.,2025-11-23 03:26:17.60549
253,120,17,staff,Проблема идентифицирована. Выполняю работы по восстановлению.,2025-10-31 03:26:17.60549
254,121,4,staff,Проблема идентифицирована. Выполняю работы по восстановлению.,2025-11-17 03:26:17.60549
255,122,12,staff,Проблема идентифицирована. Выполняю работы по восстановлению.,2025-11-21 03:26:17.60549
256,123,8,staff,Для решения проблемы требуются дополнительные данные. Прошу предоставить скриншот ошибки.,2025-11-27 03:26:17.60549
257,124,13,staff,Решение применено. Прошу проверить работоспособность и подтвердить решение заявки.,2025-11-05 03:26:17.60549
258,126,6,staff,Принял заявку в работу. Провожу диагностику проблемы.,2025-11-10 03:26:17.60549
259,131,12,staff,Проблема идентифицирована. Выполняю работы по восстановлению.,2025-11-26 03:26:17.60549
260,135,15,staff,Проблема идентифицирована. Выполняю работы по восстановлению.,2025-11-09 03:26:17.60549
261,140,20,staff,Принял заявку в работу. Провожу диагностику проблемы.,2025-11-03 03:26:17.60549
262,142,6,staff,Принял заявку в работу. Провожу диагностику проблемы.,2025-11-13 03:26:17.60549
263,143,10,staff,Для решения проблемы требуются дополнительные данные. Прошу предоставить скриншот ошибки.,2025-11-01 03:26:17.60549
264,144,6,staff,Проблема идентифицирована. Выполняю работы по восстановлению.,2025-11-01 03:26:17.60549
265,145,19,staff,Решение применено. Прошу проверить работоспособность и подтвердить решение заявки.,2025-11-15 03:26:17.60549
266,146,17,staff,Проблема идентифицирована. Выполняю работы по восстановлению.,2025-10-26 03:26:17.60549
267,147,10,staff,Для решения проблемы требуются дополнительные данные. Прошу предоставить скриншот ошибки.,2025-11-12 03:26:17.60549
268,148,12,staff,Передал заявку в смежный отдел для дальнейшего рассмотрения.,2025-10-24 03:26:17.60549
269,149,5,staff,Проблема идентифицирована. Выполняю работы по восстановлению.,2025-11-15 03:26:17.60549
270,152,13,staff,Решение применено. Прошу проверить работоспособность и подтвердить решение заявки.,2025-11-02 03:26:17.60549
271,154,16,staff,Для решения проблемы требуются дополнительные данные. Прошу предоставить скриншот ошибки.,2025-10-30 03:26:17.60549
272,156,17,staff,Принял заявку в работу. Провожу диагностику проблемы.,2025-10-24 03:26:17.60549
273,158,11,staff,Передал заявку в смежный отдел для дальнейшего рассмотрения.,2025-11-12 03:26:17.60549
274,159,4,staff,Для решения проблемы требуются дополнительные данные. Прошу предоставить скриншот ошибки.,2025-11-06 03:26:17.60549
275,160,12,staff,Принял заявку в работу. Провожу диагностику проблемы.,2025-11-14 03:26:17.60549
276,161,5,staff,Решение применено. Прошу проверить работоспособность и подтвердить решение заявки.,2025-11-12 03:26:17.60549
277,163,13,staff,Решение применено. Прошу проверить работоспособность и подтвердить решение заявки.,2025-11-09 03:26:17.60549
278,165,2,staff,Проблема идентифицирована. Выполняю работы по восстановлению.,2025-10-30 03:26:17.60549
279,169,3,staff,Передал заявку в смежный отдел для дальнейшего рассмотрения.,2025-11-16 03:26:17.60549
280,170,9,staff,Принял заявку в работу. Провожу диагностику проблемы.,2025-11-25 03:26:17.60549
281,171,4,staff,Проблема идентифицирована. Выполняю работы по восстановлению.,2025-11-01 03:26:17.60549
282,173,6,staff,Принял заявку в работу. Провожу диагностику проблемы.,2025-11-05 03:26:17.60549
283,175,16,staff,Проблема идентифицирована. Выполняю работы по восстановлению.,2025-11-24 03:26:17.60549
284,176,16,staff,Решение применено. Прошу проверить работоспособность и подтвердить решение заявки.,2025-11-12 03:26:17.60549
285,177,11,staff,Принял заявку в работу. Провожу диагностику проблемы.,2025-11-01 03:26:17.60549
286,178,14,staff,Проблема идентифицирована. Выполняю работы по восстановлению.,2025-11-12 03:26:17.60549
287,179,2,staff,Проблема идентифицирована. Выполняю работы по восстановлению.,2025-10-28 03:26:17.60549
288,183,9,staff,Принял заявку в работу. Провожу диагностику проблемы.,2025-11-13 03:26:17.60549
289,184,3,staff,Проблема идентифицирована. Выполняю работы по восстановлению.,2025-11-14 03:26:17.60549
290,186,10,staff,Для решения проблемы требуются дополнительные данные. Прошу предоставить скриншот ошибки.,2025-11-23 03:26:17.60549
291,192,6,staff,Для решения проблемы требуются дополнительные данные. Прошу предоставить скриншот ошибки.,2025-11-02 03:26:17.60549
292,193,12,staff,Решение применено. Прошу проверить работоспособность и подтвердить решение заявки.,2025-11-16 03:26:17.60549
293,196,4,staff,Передал заявку в смежный отдел для дальнейшего рассмотрения.,2025-10-21 03:26:17.60549
294,197,10,staff,Решение применено. Прошу проверить работоспособность и подтвердить решение заявки.,2025-11-20 03:26:17.60549
295,199,13,staff,Принял заявку в работу. Провожу диагностику проблемы.,2025-11-10 03:26:17.60549
296,200,19,staff,Проблема идентифицирована. Выполняю работы по восстановлению.,2025-11-01 03:26:17.60549
